[
{
    "model": "admin.logentry",
    "pk": 1,
    "fields": {
        "action_time": "2026-03-25T17:08:51.583Z",
        "user": 5,
        "content_type": 10,
        "object_id": "1",
        "object_repr": "Toyota",
        "action_flag": 1,
        "change_message": "[{\"added\": {}}]"
    }
},
{
    "model": "admin.logentry",
    "pk": 2,
    "fields": {
        "action_time": "2026-03-25T17:08:57.021Z",
        "user": 5,
        "content_type": 10,
        "object_id": "2",
        "object_repr": "BMW",
        "action_flag": 1,
        "change_message": "[{\"added\": {}}]"
    }
},
{
    "model": "admin.logentry",
    "pk": 3,
    "fields": {
        "action_time": "2026-03-25T17:09:01.486Z",
        "user": 5,
        "content_type": 10,
        "object_id": "3",
        "object_repr": "Audi",
        "action_flag": 1,
        "change_message": "[{\"added\": {}}]"
    }
},
{
    "model": "admin.logentry",
    "pk": 4,
    "fields": {
        "action_time": "2026-03-25T17:09:11.295Z",
        "user": 5,
        "content_type": 10,
        "object_id": "4",
        "object_repr": "Mercedes-Benz",
        "action_flag": 1,
        "change_message": "[{\"added\": {}}]"
    }
},
{
    "model": "admin.logentry",
    "pk": 5,
    "fields": {
        "action_time": "2026-03-25T17:09:51.413Z",
        "user": 5,
        "content_type": 12,
        "object_id": "1",
        "object_repr": "Mini (A)",
        "action_flag": 1,
        "change_message": "[{\"added\": {}}]"
    }
},
{
    "model": "admin.logentry",
    "pk": 6,
    "fields": {
        "action_time": "2026-03-25T17:09:57.358Z",
        "user": 5,
        "content_type": 12,
        "object_id": "2",
        "object_repr": "Ekonomiczne (B)",
        "action_flag": 1,
        "change_message": "[{\"added\": {}}]"
    }
},
{
    "model": "admin.logentry",
    "pk": 7,
    "fields": {
        "action_time": "2026-03-25T17:10:04.041Z",
        "user": 5,
        "content_type": 12,
        "object_id": "3",
        "object_repr": "Kompaktowe (C)",
        "action_flag": 1,
        "change_message": "[{\"added\": {}}]"
    }
},
{
    "model": "admin.logentry",
    "pk": 8,
    "fields": {
        "action_time": "2026-03-25T17:10:08.837Z",
        "user": 5,
        "content_type": 12,
        "object_id": "4",
        "object_repr": "Premium (E)",
        "action_flag": 1,
        "change_message": "[{\"added\": {}}]"
    }
},
{
    "model": "admin.logentry",
    "pk": 9,
    "fields": {
        "action_time": "2026-03-25T17:10:16.852Z",
        "user": 5,
        "content_type": 12,
        "object_id": "5",
        "object_repr": "Dostawcze",
        "action_flag": 1,
        "change_message": "[{\"added\": {}}]"
    }
},
{
    "model": "admin.logentry",
    "pk": 10,
    "fields": {
        "action_time": "2026-03-25T17:10:21.038Z",
        "user": 5,
        "content_type": 12,
        "object_id": "6",
        "object_repr": "SUV",
        "action_flag": 1,
        "change_message": "[{\"added\": {}}]"
    }
},
{
    "model": "admin.logentry",
    "pk": 11,
    "fields": {
        "action_time": "2026-03-25T17:10:24.990Z",
        "user": 5,
        "content_type": 12,
        "object_id": "7",
        "object_repr": "Sportowe",
        "action_flag": 1,
        "change_message": "[{\"added\": {}}]"
    }
},
{
    "model": "admin.logentry",
    "pk": 12,
    "fields": {
        "action_time": "2026-03-25T17:10:40.037Z",
        "user": 5,
        "content_type": 17,
        "object_id": "1",
        "object_repr": "Benzyna",
        "action_flag": 1,
        "change_message": "[{\"added\": {}}]"
    }
},
{
    "model": "admin.logentry",
    "pk": 13,
    "fields": {
        "action_time": "2026-03-25T17:10:46.563Z",
        "user": 5,
        "content_type": 17,
        "object_id": "2",
        "object_repr": "Diesel",
        "action_flag": 1,
        "change_message": "[{\"added\": {}}]"
    }
},
{
    "model": "admin.logentry",
    "pk": 14,
    "fields": {
        "action_time": "2026-03-25T17:10:58.450Z",
        "user": 5,
        "content_type": 17,
        "object_id": "3",
        "object_repr": "Benzyna + Gaz",
        "action_flag": 1,
        "change_message": "[{\"added\": {}}]"
    }
},
{
    "model": "admin.logentry",
    "pk": 15,
    "fields": {
        "action_time": "2026-03-25T17:11:00.622Z",
        "user": 5,
        "content_type": 17,
        "object_id": "4",
        "object_repr": "Elektryczny",
        "action_flag": 1,
        "change_message": "[{\"added\": {}}]"
    }
},
{
    "model": "admin.logentry",
    "pk": 16,
    "fields": {
        "action_time": "2026-03-25T17:11:02.369Z",
        "user": 5,
        "content_type": 17,
        "object_id": "5",
        "object_repr": "Hybryda",
        "action_flag": 1,
        "change_message": "[{\"added\": {}}]"
    }
},
{
    "model": "admin.logentry",
    "pk": 17,
    "fields": {
        "action_time": "2026-03-25T17:11:53.851Z",
        "user": 5,
        "content_type": 14,
        "object_id": "1",
        "object_repr": "15-001 Białystok",
        "action_flag": 1,
        "change_message": "[{\"added\": {}}]"
    }
},
{
    "model": "admin.logentry",
    "pk": 18,
    "fields": {
        "action_time": "2026-03-25T17:12:02.283Z",
        "user": 5,
        "content_type": 14,
        "object_id": "2",
        "object_repr": "19-100 Mońki",
        "action_flag": 1,
        "change_message": "[{\"added\": {}}]"
    }
},
{
    "model": "admin.logentry",
    "pk": 19,
    "fields": {
        "action_time": "2026-03-25T17:12:12.177Z",
        "user": 5,
        "content_type": 14,
        "object_id": "3",
        "object_repr": "00-001 Warszawa",
        "action_flag": 1,
        "change_message": "[{\"added\": {}}]"
    }
},
{
    "model": "admin.logentry",
    "pk": 20,
    "fields": {
        "action_time": "2026-03-25T17:13:00.124Z",
        "user": 5,
        "content_type": 26,
        "object_id": "1",
        "object_repr": "Administrator",
        "action_flag": 1,
        "change_message": "[{\"added\": {}}]"
    }
},
{
    "model": "admin.logentry",
    "pk": 21,
    "fields": {
        "action_time": "2026-03-25T17:13:06.236Z",
        "user": 5,
        "content_type": 26,
        "object_id": "2",
        "object_repr": "Mechanik",
        "action_flag": 1,
        "change_message": "[{\"added\": {}}]"
    }
},
{
    "model": "admin.logentry",
    "pk": 22,
    "fields": {
        "action_time": "2026-03-25T17:13:13.508Z",
        "user": 5,
        "content_type": 26,
        "object_id": "3",
        "object_repr": "Manager Floty",
        "action_flag": 1,
        "change_message": "[{\"added\": {}}]"
    }
},
{
    "model": "admin.logentry",
    "pk": 23,
    "fields": {
        "action_time": "2026-03-25T17:13:30.490Z",
        "user": 5,
        "content_type": 26,
        "object_id": "4",
        "object_repr": "Konsultant Biura Obs│ugi",
        "action_flag": 1,
        "change_message": "[{\"added\": {}}]"
    }
},
{
    "model": "admin.logentry",
    "pk": 24,
    "fields": {
        "action_time": "2026-03-25T17:13:34.627Z",
        "user": 5,
        "content_type": 26,
        "object_id": "5",
        "object_repr": "Kierowca",
        "action_flag": 1,
        "change_message": "[{\"added\": {}}]"
    }
},
{
    "model": "admin.logentry",
    "pk": 25,
    "fields": {
        "action_time": "2026-03-25T17:13:50.557Z",
        "user": 5,
        "content_type": 18,
        "object_id": "1",
        "object_repr": "Poziom oleju",
        "action_flag": 1,
        "change_message": "[{\"added\": {}}]"
    }
},
{
    "model": "admin.logentry",
    "pk": 26,
    "fields": {
        "action_time": "2026-03-25T17:13:57.674Z",
        "user": 5,
        "content_type": 18,
        "object_id": "2",
        "object_repr": "Ciťnienie w oponach",
        "action_flag": 1,
        "change_message": "[{\"added\": {}}]"
    }
},
{
    "model": "admin.logentry",
    "pk": 27,
    "fields": {
        "action_time": "2026-03-25T17:14:06.616Z",
        "user": 5,
        "content_type": 18,
        "object_id": "3",
        "object_repr": "Stan klockˇw hamulcowych",
        "action_flag": 1,
        "change_message": "[{\"added\": {}}]"
    }
},
{
    "model": "admin.logentry",
    "pk": 28,
    "fields": {
        "action_time": "2026-03-25T17:14:12.857Z",
        "user": 5,
        "content_type": 18,
        "object_id": "4",
        "object_repr": "Oťwietlenie",
        "action_flag": 1,
        "change_message": "[{\"added\": {}}]"
    }
},
{
    "model": "admin.logentry",
    "pk": 29,
    "fields": {
        "action_time": "2026-03-25T17:14:22.913Z",
        "user": 5,
        "content_type": 18,
        "object_id": "5",
        "object_repr": "CzystoťŠ wnŕtrza",
        "action_flag": 1,
        "change_message": "[{\"added\": {}}]"
    }
},
{
    "model": "admin.logentry",
    "pk": 30,
    "fields": {
        "action_time": "2026-03-25T17:14:29.835Z",
        "user": 5,
        "content_type": 18,
        "object_id": "6",
        "object_repr": "Zarysowania karoserii",
        "action_flag": 1,
        "change_message": "[{\"added\": {}}]"
    }
},
{
    "model": "admin.logentry",
    "pk": 31,
    "fields": {
        "action_time": "2026-03-25T17:15:27.130Z",
        "user": 5,
        "content_type": 8,
        "object_id": "1",
        "object_repr": "Ubezpieczenie",
        "action_flag": 1,
        "change_message": "[{\"added\": {}}]"
    }
},
{
    "model": "admin.logentry",
    "pk": 32,
    "fields": {
        "action_time": "2026-03-25T17:15:41.518Z",
        "user": 5,
        "content_type": 8,
        "object_id": "2",
        "object_repr": "Akcesoria",
        "action_flag": 1,
        "change_message": "[{\"added\": {}}]"
    }
},
{
    "model": "admin.logentry",
    "pk": 33,
    "fields": {
        "action_time": "2026-03-25T17:17:37.044Z",
        "user": 5,
        "content_type": 27,
        "object_id": "1",
        "object_repr": "Lipowa",
        "action_flag": 1,
        "change_message": "[{\"added\": {}}]"
    }
},
{
    "model": "admin.logentry",
    "pk": 34,
    "fields": {
        "action_time": "2026-03-25T17:17:47.057Z",
        "user": 5,
        "content_type": 27,
        "object_id": "2",
        "object_repr": "Białostocka",
        "action_flag": 1,
        "change_message": "[{\"added\": {}}]"
    }
},
{
    "model": "admin.logentry",
    "pk": 35,
    "fields": {
        "action_time": "2026-03-25T17:18:02.750Z",
        "user": 5,
        "content_type": 27,
        "object_id": "3",
        "object_repr": "»wirki i Wigury",
        "action_flag": 1,
        "change_message": "[{\"added\": {}}]"
    }
},
{
    "model": "admin.logentry",
    "pk": 36,
    "fields": {
        "action_time": "2026-03-25T17:18:19.335Z",
        "user": 5,
        "content_type": 13,
        "object_id": "1",
        "object_repr": "Corolla",
        "action_flag": 1,
        "change_message": "[{\"added\": {}}]"
    }
},
{
    "model": "admin.logentry",
    "pk": 37,
    "fields": {
        "action_time": "2026-03-25T17:18:33.177Z",
        "user": 5,
        "content_type": 13,
        "object_id": "2",
        "object_repr": "A6",
        "action_flag": 1,
        "change_message": "[{\"added\": {}}]"
    }
},
{
    "model": "admin.logentry",
    "pk": 38,
    "fields": {
        "action_time": "2026-03-25T17:18:40.151Z",
        "user": 5,
        "content_type": 13,
        "object_id": "3",
        "object_repr": "M3",
        "action_flag": 1,
        "change_message": "[{\"added\": {}}]"
    }
},
{
    "model": "admin.logentry",
    "pk": 39,
    "fields": {
        "action_time": "2026-03-25T17:19:00.022Z",
        "user": 5,
        "content_type": 13,
        "object_id": "4",
        "object_repr": "RAV4",
        "action_flag": 1,
        "change_message": "[{\"added\": {}}]"
    }
},
{
    "model": "admin.logentry",
    "pk": 40,
    "fields": {
        "action_time": "2026-03-25T17:19:44.448Z",
        "user": 5,
        "content_type": 9,
        "object_id": "1",
        "object_repr": "Lipowa 22 853133133",
        "action_flag": 1,
        "change_message": "[{\"added\": {}}]"
    }
},
{
    "model": "admin.logentry",
    "pk": 41,
    "fields": {
        "action_time": "2026-03-25T17:20:00.090Z",
        "user": 5,
        "content_type": 9,
        "object_id": "2",
        "object_repr": "Białostocka 51 859909911",
        "action_flag": 1,
        "change_message": "[{\"added\": {}}]"
    }
},
{
    "model": "admin.logentry",
    "pk": 42,
    "fields": {
        "action_time": "2026-03-25T17:20:11.831Z",
        "user": 5,
        "content_type": 9,
        "object_id": "3",
        "object_repr": "»wirki i Wigury 15 853119992",
        "action_flag": 1,
        "change_message": "[{\"added\": {}}]"
    }
},
{
    "model": "admin.logentry",
    "pk": 43,
    "fields": {
        "action_time": "2026-03-25T17:20:53.512Z",
        "user": 5,
        "content_type": 7,
        "object_id": "1",
        "object_repr": "Akcesoria Fotelik dzieciŕcy 50",
        "action_flag": 1,
        "change_message": "[{\"added\": {}}]"
    }
},
{
    "model": "admin.logentry",
    "pk": 44,
    "fields": {
        "action_time": "2026-03-25T17:21:21.222Z",
        "user": 5,
        "content_type": 7,
        "object_id": "2",
        "object_repr": "Akcesoria Baga┐nik na dach 100",
        "action_flag": 1,
        "change_message": "[{\"added\": {}}]"
    }
},
{
    "model": "admin.logentry",
    "pk": 45,
    "fields": {
        "action_time": "2026-03-25T17:23:03.790Z",
        "user": 5,
        "content_type": 11,
        "object_id": "1",
        "object_repr": "M3 Premium (E)",
        "action_flag": 1,
        "change_message": "[{\"added\": {}}]"
    }
},
{
    "model": "auth.permission",
    "pk": 1,
    "fields": {
        "name": "Can add log entry",
        "content_type": 1,
        "codename": "add_logentry"
    }
},
{
    "model": "auth.permission",
    "pk": 2,
    "fields": {
        "name": "Can change log entry",
        "content_type": 1,
        "codename": "change_logentry"
    }
},
{
    "model": "auth.permission",
    "pk": 3,
    "fields": {
        "name": "Can delete log entry",
        "content_type": 1,
        "codename": "delete_logentry"
    }
},
{
    "model": "auth.permission",
    "pk": 4,
    "fields": {
        "name": "Can view log entry",
        "content_type": 1,
        "codename": "view_logentry"
    }
},
{
    "model": "auth.permission",
    "pk": 5,
    "fields": {
        "name": "Can add permission",
        "content_type": 3,
        "codename": "add_permission"
    }
},
{
    "model": "auth.permission",
    "pk": 6,
    "fields": {
        "name": "Can change permission",
        "content_type": 3,
        "codename": "change_permission"
    }
},
{
    "model": "auth.permission",
    "pk": 7,
    "fields": {
        "name": "Can delete permission",
        "content_type": 3,
        "codename": "delete_permission"
    }
},
{
    "model": "auth.permission",
    "pk": 8,
    "fields": {
        "name": "Can view permission",
        "content_type": 3,
        "codename": "view_permission"
    }
},
{
    "model": "auth.permission",
    "pk": 9,
    "fields": {
        "name": "Can add group",
        "content_type": 2,
        "codename": "add_group"
    }
},
{
    "model": "auth.permission",
    "pk": 10,
    "fields": {
        "name": "Can change group",
        "content_type": 2,
        "codename": "change_group"
    }
},
{
    "model": "auth.permission",
    "pk": 11,
    "fields": {
        "name": "Can delete group",
        "content_type": 2,
        "codename": "delete_group"
    }
},
{
    "model": "auth.permission",
    "pk": 12,
    "fields": {
        "name": "Can view group",
        "content_type": 2,
        "codename": "view_group"
    }
},
{
    "model": "auth.permission",
    "pk": 13,
    "fields": {
        "name": "Can add user",
        "content_type": 4,
        "codename": "add_user"
    }
},
{
    "model": "auth.permission",
    "pk": 14,
    "fields": {
        "name": "Can change user",
        "content_type": 4,
        "codename": "change_user"
    }
},
{
    "model": "auth.permission",
    "pk": 15,
    "fields": {
        "name": "Can delete user",
        "content_type": 4,
        "codename": "delete_user"
    }
},
{
    "model": "auth.permission",
    "pk": 16,
    "fields": {
        "name": "Can view user",
        "content_type": 4,
        "codename": "view_user"
    }
},
{
    "model": "auth.permission",
    "pk": 17,
    "fields": {
        "name": "Can add content type",
        "content_type": 5,
        "codename": "add_contenttype"
    }
},
{
    "model": "auth.permission",
    "pk": 18,
    "fields": {
        "name": "Can change content type",
        "content_type": 5,
        "codename": "change_contenttype"
    }
},
{
    "model": "auth.permission",
    "pk": 19,
    "fields": {
        "name": "Can delete content type",
        "content_type": 5,
        "codename": "delete_contenttype"
    }
},
{
    "model": "auth.permission",
    "pk": 20,
    "fields": {
        "name": "Can view content type",
        "content_type": 5,
        "codename": "view_contenttype"
    }
},
{
    "model": "auth.permission",
    "pk": 21,
    "fields": {
        "name": "Can add session",
        "content_type": 6,
        "codename": "add_session"
    }
},
{
    "model": "auth.permission",
    "pk": 22,
    "fields": {
        "name": "Can change session",
        "content_type": 6,
        "codename": "change_session"
    }
},
{
    "model": "auth.permission",
    "pk": 23,
    "fields": {
        "name": "Can delete session",
        "content_type": 6,
        "codename": "delete_session"
    }
},
{
    "model": "auth.permission",
    "pk": 24,
    "fields": {
        "name": "Can view session",
        "content_type": 6,
        "codename": "view_session"
    }
},
{
    "model": "auth.permission",
    "pk": 25,
    "fields": {
        "name": "Can add addon type",
        "content_type": 8,
        "codename": "add_addontype"
    }
},
{
    "model": "auth.permission",
    "pk": 26,
    "fields": {
        "name": "Can change addon type",
        "content_type": 8,
        "codename": "change_addontype"
    }
},
{
    "model": "auth.permission",
    "pk": 27,
    "fields": {
        "name": "Can delete addon type",
        "content_type": 8,
        "codename": "delete_addontype"
    }
},
{
    "model": "auth.permission",
    "pk": 28,
    "fields": {
        "name": "Can view addon type",
        "content_type": 8,
        "codename": "view_addontype"
    }
},
{
    "model": "auth.permission",
    "pk": 29,
    "fields": {
        "name": "Can add branch",
        "content_type": 9,
        "codename": "add_branch"
    }
},
{
    "model": "auth.permission",
    "pk": 30,
    "fields": {
        "name": "Can change branch",
        "content_type": 9,
        "codename": "change_branch"
    }
},
{
    "model": "auth.permission",
    "pk": 31,
    "fields": {
        "name": "Can delete branch",
        "content_type": 9,
        "codename": "delete_branch"
    }
},
{
    "model": "auth.permission",
    "pk": 32,
    "fields": {
        "name": "Can view branch",
        "content_type": 9,
        "codename": "view_branch"
    }
},
{
    "model": "auth.permission",
    "pk": 33,
    "fields": {
        "name": "Can add brand",
        "content_type": 10,
        "codename": "add_brand"
    }
},
{
    "model": "auth.permission",
    "pk": 34,
    "fields": {
        "name": "Can change brand",
        "content_type": 10,
        "codename": "change_brand"
    }
},
{
    "model": "auth.permission",
    "pk": 35,
    "fields": {
        "name": "Can delete brand",
        "content_type": 10,
        "codename": "delete_brand"
    }
},
{
    "model": "auth.permission",
    "pk": 36,
    "fields": {
        "name": "Can view brand",
        "content_type": 10,
        "codename": "view_brand"
    }
},
{
    "model": "auth.permission",
    "pk": 37,
    "fields": {
        "name": "Can add car category",
        "content_type": 12,
        "codename": "add_carcategory"
    }
},
{
    "model": "auth.permission",
    "pk": 38,
    "fields": {
        "name": "Can change car category",
        "content_type": 12,
        "codename": "change_carcategory"
    }
},
{
    "model": "auth.permission",
    "pk": 39,
    "fields": {
        "name": "Can delete car category",
        "content_type": 12,
        "codename": "delete_carcategory"
    }
},
{
    "model": "auth.permission",
    "pk": 40,
    "fields": {
        "name": "Can view car category",
        "content_type": 12,
        "codename": "view_carcategory"
    }
},
{
    "model": "auth.permission",
    "pk": 41,
    "fields": {
        "name": "Can add city",
        "content_type": 14,
        "codename": "add_city"
    }
},
{
    "model": "auth.permission",
    "pk": 42,
    "fields": {
        "name": "Can change city",
        "content_type": 14,
        "codename": "change_city"
    }
},
{
    "model": "auth.permission",
    "pk": 43,
    "fields": {
        "name": "Can delete city",
        "content_type": 14,
        "codename": "delete_city"
    }
},
{
    "model": "auth.permission",
    "pk": 44,
    "fields": {
        "name": "Can view city",
        "content_type": 14,
        "codename": "view_city"
    }
},
{
    "model": "auth.permission",
    "pk": 45,
    "fields": {
        "name": "Can add fuel type",
        "content_type": 17,
        "codename": "add_fueltype"
    }
},
{
    "model": "auth.permission",
    "pk": 46,
    "fields": {
        "name": "Can change fuel type",
        "content_type": 17,
        "codename": "change_fueltype"
    }
},
{
    "model": "auth.permission",
    "pk": 47,
    "fields": {
        "name": "Can delete fuel type",
        "content_type": 17,
        "codename": "delete_fueltype"
    }
},
{
    "model": "auth.permission",
    "pk": 48,
    "fields": {
        "name": "Can view fuel type",
        "content_type": 17,
        "codename": "view_fueltype"
    }
},
{
    "model": "auth.permission",
    "pk": 49,
    "fields": {
        "name": "Can add inspection item",
        "content_type": 18,
        "codename": "add_inspectionitem"
    }
},
{
    "model": "auth.permission",
    "pk": 50,
    "fields": {
        "name": "Can change inspection item",
        "content_type": 18,
        "codename": "change_inspectionitem"
    }
},
{
    "model": "auth.permission",
    "pk": 51,
    "fields": {
        "name": "Can delete inspection item",
        "content_type": 18,
        "codename": "delete_inspectionitem"
    }
},
{
    "model": "auth.permission",
    "pk": 52,
    "fields": {
        "name": "Can view inspection item",
        "content_type": 18,
        "codename": "view_inspectionitem"
    }
},
{
    "model": "auth.permission",
    "pk": 53,
    "fields": {
        "name": "Can add payment method",
        "content_type": 22,
        "codename": "add_paymentmethod"
    }
},
{
    "model": "auth.permission",
    "pk": 54,
    "fields": {
        "name": "Can change payment method",
        "content_type": 22,
        "codename": "change_paymentmethod"
    }
},
{
    "model": "auth.permission",
    "pk": 55,
    "fields": {
        "name": "Can delete payment method",
        "content_type": 22,
        "codename": "delete_paymentmethod"
    }
},
{
    "model": "auth.permission",
    "pk": 56,
    "fields": {
        "name": "Can view payment method",
        "content_type": 22,
        "codename": "view_paymentmethod"
    }
},
{
    "model": "auth.permission",
    "pk": 57,
    "fields": {
        "name": "Can add rental status",
        "content_type": 25,
        "codename": "add_rentalstatus"
    }
},
{
    "model": "auth.permission",
    "pk": 58,
    "fields": {
        "name": "Can change rental status",
        "content_type": 25,
        "codename": "change_rentalstatus"
    }
},
{
    "model": "auth.permission",
    "pk": 59,
    "fields": {
        "name": "Can delete rental status",
        "content_type": 25,
        "codename": "delete_rentalstatus"
    }
},
{
    "model": "auth.permission",
    "pk": 60,
    "fields": {
        "name": "Can view rental status",
        "content_type": 25,
        "codename": "view_rentalstatus"
    }
},
{
    "model": "auth.permission",
    "pk": 61,
    "fields": {
        "name": "Can add role",
        "content_type": 26,
        "codename": "add_role"
    }
},
{
    "model": "auth.permission",
    "pk": 62,
    "fields": {
        "name": "Can change role",
        "content_type": 26,
        "codename": "change_role"
    }
},
{
    "model": "auth.permission",
    "pk": 63,
    "fields": {
        "name": "Can delete role",
        "content_type": 26,
        "codename": "delete_role"
    }
},
{
    "model": "auth.permission",
    "pk": 64,
    "fields": {
        "name": "Can view role",
        "content_type": 26,
        "codename": "view_role"
    }
},
{
    "model": "auth.permission",
    "pk": 65,
    "fields": {
        "name": "Can add addon",
        "content_type": 7,
        "codename": "add_addon"
    }
},
{
    "model": "auth.permission",
    "pk": 66,
    "fields": {
        "name": "Can change addon",
        "content_type": 7,
        "codename": "change_addon"
    }
},
{
    "model": "auth.permission",
    "pk": 67,
    "fields": {
        "name": "Can delete addon",
        "content_type": 7,
        "codename": "delete_addon"
    }
},
{
    "model": "auth.permission",
    "pk": 68,
    "fields": {
        "name": "Can view addon",
        "content_type": 7,
        "codename": "view_addon"
    }
},
{
    "model": "auth.permission",
    "pk": 69,
    "fields": {
        "name": "Can add car model",
        "content_type": 13,
        "codename": "add_carmodel"
    }
},
{
    "model": "auth.permission",
    "pk": 70,
    "fields": {
        "name": "Can change car model",
        "content_type": 13,
        "codename": "change_carmodel"
    }
},
{
    "model": "auth.permission",
    "pk": 71,
    "fields": {
        "name": "Can delete car model",
        "content_type": 13,
        "codename": "delete_carmodel"
    }
},
{
    "model": "auth.permission",
    "pk": 72,
    "fields": {
        "name": "Can view car model",
        "content_type": 13,
        "codename": "view_carmodel"
    }
},
{
    "model": "auth.permission",
    "pk": 73,
    "fields": {
        "name": "Can add car",
        "content_type": 11,
        "codename": "add_car"
    }
},
{
    "model": "auth.permission",
    "pk": 74,
    "fields": {
        "name": "Can change car",
        "content_type": 11,
        "codename": "change_car"
    }
},
{
    "model": "auth.permission",
    "pk": 75,
    "fields": {
        "name": "Can delete car",
        "content_type": 11,
        "codename": "delete_car"
    }
},
{
    "model": "auth.permission",
    "pk": 76,
    "fields": {
        "name": "Can view car",
        "content_type": 11,
        "codename": "view_car"
    }
},
{
    "model": "auth.permission",
    "pk": 77,
    "fields": {
        "name": "Can add damage report",
        "content_type": 15,
        "codename": "add_damagereport"
    }
},
{
    "model": "auth.permission",
    "pk": 78,
    "fields": {
        "name": "Can change damage report",
        "content_type": 15,
        "codename": "change_damagereport"
    }
},
{
    "model": "auth.permission",
    "pk": 79,
    "fields": {
        "name": "Can delete damage report",
        "content_type": 15,
        "codename": "delete_damagereport"
    }
},
{
    "model": "auth.permission",
    "pk": 80,
    "fields": {
        "name": "Can view damage report",
        "content_type": 15,
        "codename": "view_damagereport"
    }
},
{
    "model": "auth.permission",
    "pk": 81,
    "fields": {
        "name": "Can add maintenance",
        "content_type": 20,
        "codename": "add_maintenance"
    }
},
{
    "model": "auth.permission",
    "pk": 82,
    "fields": {
        "name": "Can change maintenance",
        "content_type": 20,
        "codename": "change_maintenance"
    }
},
{
    "model": "auth.permission",
    "pk": 83,
    "fields": {
        "name": "Can delete maintenance",
        "content_type": 20,
        "codename": "delete_maintenance"
    }
},
{
    "model": "auth.permission",
    "pk": 84,
    "fields": {
        "name": "Can view maintenance",
        "content_type": 20,
        "codename": "view_maintenance"
    }
},
{
    "model": "auth.permission",
    "pk": 85,
    "fields": {
        "name": "Can add rental",
        "content_type": 23,
        "codename": "add_rental"
    }
},
{
    "model": "auth.permission",
    "pk": 86,
    "fields": {
        "name": "Can change rental",
        "content_type": 23,
        "codename": "change_rental"
    }
},
{
    "model": "auth.permission",
    "pk": 87,
    "fields": {
        "name": "Can delete rental",
        "content_type": 23,
        "codename": "delete_rental"
    }
},
{
    "model": "auth.permission",
    "pk": 88,
    "fields": {
        "name": "Can view rental",
        "content_type": 23,
        "codename": "view_rental"
    }
},
{
    "model": "auth.permission",
    "pk": 89,
    "fields": {
        "name": "Can add invoice",
        "content_type": 19,
        "codename": "add_invoice"
    }
},
{
    "model": "auth.permission",
    "pk": 90,
    "fields": {
        "name": "Can change invoice",
        "content_type": 19,
        "codename": "change_invoice"
    }
},
{
    "model": "auth.permission",
    "pk": 91,
    "fields": {
        "name": "Can delete invoice",
        "content_type": 19,
        "codename": "delete_invoice"
    }
},
{
    "model": "auth.permission",
    "pk": 92,
    "fields": {
        "name": "Can view invoice",
        "content_type": 19,
        "codename": "view_invoice"
    }
},
{
    "model": "auth.permission",
    "pk": 93,
    "fields": {
        "name": "Can add rental addon",
        "content_type": 24,
        "codename": "add_rentaladdon"
    }
},
{
    "model": "auth.permission",
    "pk": 94,
    "fields": {
        "name": "Can change rental addon",
        "content_type": 24,
        "codename": "change_rentaladdon"
    }
},
{
    "model": "auth.permission",
    "pk": 95,
    "fields": {
        "name": "Can delete rental addon",
        "content_type": 24,
        "codename": "delete_rentaladdon"
    }
},
{
    "model": "auth.permission",
    "pk": 96,
    "fields": {
        "name": "Can view rental addon",
        "content_type": 24,
        "codename": "view_rentaladdon"
    }
},
{
    "model": "auth.permission",
    "pk": 97,
    "fields": {
        "name": "Can add employee profile",
        "content_type": 16,
        "codename": "add_employeeprofile"
    }
},
{
    "model": "auth.permission",
    "pk": 98,
    "fields": {
        "name": "Can change employee profile",
        "content_type": 16,
        "codename": "change_employeeprofile"
    }
},
{
    "model": "auth.permission",
    "pk": 99,
    "fields": {
        "name": "Can delete employee profile",
        "content_type": 16,
        "codename": "delete_employeeprofile"
    }
},
{
    "model": "auth.permission",
    "pk": 100,
    "fields": {
        "name": "Can view employee profile",
        "content_type": 16,
        "codename": "view_employeeprofile"
    }
},
{
    "model": "auth.permission",
    "pk": 101,
    "fields": {
        "name": "Can add street",
        "content_type": 27,
        "codename": "add_street"
    }
},
{
    "model": "auth.permission",
    "pk": 102,
    "fields": {
        "name": "Can change street",
        "content_type": 27,
        "codename": "change_street"
    }
},
{
    "model": "auth.permission",
    "pk": 103,
    "fields": {
        "name": "Can delete street",
        "content_type": 27,
        "codename": "delete_street"
    }
},
{
    "model": "auth.permission",
    "pk": 104,
    "fields": {
        "name": "Can view street",
        "content_type": 27,
        "codename": "view_street"
    }
},
{
    "model": "auth.permission",
    "pk": 105,
    "fields": {
        "name": "Can add transfer",
        "content_type": 28,
        "codename": "add_transfer"
    }
},
{
    "model": "auth.permission",
    "pk": 106,
    "fields": {
        "name": "Can change transfer",
        "content_type": 28,
        "codename": "change_transfer"
    }
},
{
    "model": "auth.permission",
    "pk": 107,
    "fields": {
        "name": "Can delete transfer",
        "content_type": 28,
        "codename": "delete_transfer"
    }
},
{
    "model": "auth.permission",
    "pk": 108,
    "fields": {
        "name": "Can view transfer",
        "content_type": 28,
        "codename": "view_transfer"
    }
},
{
    "model": "auth.permission",
    "pk": 109,
    "fields": {
        "name": "Can add user profile",
        "content_type": 29,
        "codename": "add_userprofile"
    }
},
{
    "model": "auth.permission",
    "pk": 110,
    "fields": {
        "name": "Can change user profile",
        "content_type": 29,
        "codename": "change_userprofile"
    }
},
{
    "model": "auth.permission",
    "pk": 111,
    "fields": {
        "name": "Can delete user profile",
        "content_type": 29,
        "codename": "delete_userprofile"
    }
},
{
    "model": "auth.permission",
    "pk": 112,
    "fields": {
        "name": "Can view user profile",
        "content_type": 29,
        "codename": "view_userprofile"
    }
},
{
    "model": "auth.permission",
    "pk": 113,
    "fields": {
        "name": "Can add payment",
        "content_type": 21,
        "codename": "add_payment"
    }
},
{
    "model": "auth.permission",
    "pk": 114,
    "fields": {
        "name": "Can change payment",
        "content_type": 21,
        "codename": "change_payment"
    }
},
{
    "model": "auth.permission",
    "pk": 115,
    "fields": {
        "name": "Can delete payment",
        "content_type": 21,
        "codename": "delete_payment"
    }
},
{
    "model": "auth.permission",
    "pk": 116,
    "fields": {
        "name": "Can view payment",
        "content_type": 21,
        "codename": "view_payment"
    }
},
{
    "model": "auth.permission",
    "pk": 117,
    "fields": {
        "name": "Can add contact message",
        "content_type": 30,
        "codename": "add_contactmessage"
    }
},
{
    "model": "auth.permission",
    "pk": 118,
    "fields": {
        "name": "Can change contact message",
        "content_type": 30,
        "codename": "change_contactmessage"
    }
},
{
    "model": "auth.permission",
    "pk": 119,
    "fields": {
        "name": "Can delete contact message",
        "content_type": 30,
        "codename": "delete_contactmessage"
    }
},
{
    "model": "auth.permission",
    "pk": 120,
    "fields": {
        "name": "Can view contact message",
        "content_type": 30,
        "codename": "view_contactmessage"
    }
},
{
    "model": "auth.user",
    "pk": 1,
    "fields": {
        "password": "pbkdf2_sha256$1200000$jVVPWzuFnWDnnD5tYh0ja7$KaS4/aOzcvZkU9IXIX2+2IdZxGUzSgVJ2GNWYuaho8g=",
        "last_login": null,
        "is_superuser": false,
        "username": "nazwa",
        "first_name": "imie",
        "last_name": "nazwisko",
        "email": "email123@wp.pl",
        "is_staff": false,
        "is_active": true,
        "date_joined": "2026-03-18T20:07:38.550Z",
        "groups": [],
        "user_permissions": []
    }
},
{
    "model": "auth.user",
    "pk": 2,
    "fields": {
        "password": "pbkdf2_sha256$1200000$ZAnQIbuS6VGGTNbSTfG3ye$w8MUMs1clmpFqwqUXE3RyBoNXlN/hv2D1Jfx1pc8EPA=",
        "last_login": null,
        "is_superuser": false,
        "username": "nazwanazwa",
        "first_name": "imie",
        "last_name": "nazwisko",
        "email": "email123@o2.pl",
        "is_staff": false,
        "is_active": true,
        "date_joined": "2026-03-18T20:08:20.405Z",
        "groups": [],
        "user_permissions": []
    }
},
{
    "model": "auth.user",
    "pk": 3,
    "fields": {
        "password": "pbkdf2_sha256$1200000$KF7jRmvM9SAQFU2QnbyvfI$GVFjsJEerBKn/FRo0T8E6tpVuV0kJpKfYHaXuwE6Hk4=",
        "last_login": null,
        "is_superuser": false,
        "username": "nazwanazwa1235541",
        "first_name": "imie",
        "last_name": "nazwisko",
        "email": "email12333@o2.pl",
        "is_staff": false,
        "is_active": true,
        "date_joined": "2026-03-18T20:12:57.967Z",
        "groups": [],
        "user_permissions": []
    }
},
{
    "model": "auth.user",
    "pk": 4,
    "fields": {
        "password": "pbkdf2_sha256$1200000$l01GgC9PemDDX6VjJYzK8R$9i2GsAuDMFWUu3h1ss6jRli2jYsKo4pEdTau5NWzo78=",
        "last_login": "2026-03-21T11:57:05.380Z",
        "is_superuser": false,
        "username": "buba",
        "first_name": "kuba",
        "last_name": "buba",
        "email": "123@o2.pl",
        "is_staff": false,
        "is_active": true,
        "date_joined": "2026-03-21T11:08:09.798Z",
        "groups": [],
        "user_permissions": []
    }
},
{
    "model": "auth.user",
    "pk": 5,
    "fields": {
        "password": "pbkdf2_sha256$1200000$sDxliLjAqX2XFkOTr3jmAN$vRc+pK4Dp63ua7oJdb8b6OPj6iwYeg8+iwvblrPWh7Q=",
        "last_login": "2026-03-25T17:07:17.439Z",
        "is_superuser": true,
        "username": "admin",
        "first_name": "",
        "last_name": "",
        "email": "admin123@o2.pl",
        "is_staff": true,
        "is_active": true,
        "date_joined": "2026-03-25T17:06:50.629Z",
        "groups": [],
        "user_permissions": []
    }
},
{
    "model": "contenttypes.contenttype",
    "pk": 1,
    "fields": {
        "app_label": "admin",
        "model": "logentry"
    }
},
{
    "model": "contenttypes.contenttype",
    "pk": 2,
    "fields": {
        "app_label": "auth",
        "model": "group"
    }
},
{
    "model": "contenttypes.contenttype",
    "pk": 3,
    "fields": {
        "app_label": "auth",
        "model": "permission"
    }
},
{
    "model": "contenttypes.contenttype",
    "pk": 4,
    "fields": {
        "app_label": "auth",
        "model": "user"
    }
},
{
    "model": "contenttypes.contenttype",
    "pk": 5,
    "fields": {
        "app_label": "contenttypes",
        "model": "contenttype"
    }
},
{
    "model": "contenttypes.contenttype",
    "pk": 6,
    "fields": {
        "app_label": "sessions",
        "model": "session"
    }
},
{
    "model": "contenttypes.contenttype",
    "pk": 7,
    "fields": {
        "app_label": "strona",
        "model": "addon"
    }
},
{
    "model": "contenttypes.contenttype",
    "pk": 8,
    "fields": {
        "app_label": "strona",
        "model": "addontype"
    }
},
{
    "model": "contenttypes.contenttype",
    "pk": 9,
    "fields": {
        "app_label": "strona",
        "model": "branch"
    }
},
{
    "model": "contenttypes.contenttype",
    "pk": 10,
    "fields": {
        "app_label": "strona",
        "model": "brand"
    }
},
{
    "model": "contenttypes.contenttype",
    "pk": 11,
    "fields": {
        "app_label": "strona",
        "model": "car"
    }
},
{
    "model": "contenttypes.contenttype",
    "pk": 12,
    "fields": {
        "app_label": "strona",
        "model": "carcategory"
    }
},
{
    "model": "contenttypes.contenttype",
    "pk": 13,
    "fields": {
        "app_label": "strona",
        "model": "carmodel"
    }
},
{
    "model": "contenttypes.contenttype",
    "pk": 14,
    "fields": {
        "app_label": "strona",
        "model": "city"
    }
},
{
    "model": "contenttypes.contenttype",
    "pk": 15,
    "fields": {
        "app_label": "strona",
        "model": "damagereport"
    }
},
{
    "model": "contenttypes.contenttype",
    "pk": 16,
    "fields": {
        "app_label": "strona",
        "model": "employeeprofile"
    }
},
{
    "model": "contenttypes.contenttype",
    "pk": 17,
    "fields": {
        "app_label": "strona",
        "model": "fueltype"
    }
},
{
    "model": "contenttypes.contenttype",
    "pk": 18,
    "fields": {
        "app_label": "strona",
        "model": "inspectionitem"
    }
},
{
    "model": "contenttypes.contenttype",
    "pk": 19,
    "fields": {
        "app_label": "strona",
        "model": "invoice"
    }
},
{
    "model": "contenttypes.contenttype",
    "pk": 20,
    "fields": {
        "app_label": "strona",
        "model": "maintenance"
    }
},
{
    "model": "contenttypes.contenttype",
    "pk": 21,
    "fields": {
        "app_label": "strona",
        "model": "payment"
    }
},
{
    "model": "contenttypes.contenttype",
    "pk": 22,
    "fields": {
        "app_label": "strona",
        "model": "paymentmethod"
    }
},
{
    "model": "contenttypes.contenttype",
    "pk": 23,
    "fields": {
        "app_label": "strona",
        "model": "rental"
    }
},
{
    "model": "contenttypes.contenttype",
    "pk": 24,
    "fields": {
        "app_label": "strona",
        "model": "rentaladdon"
    }
},
{
    "model": "contenttypes.contenttype",
    "pk": 25,
    "fields": {
        "app_label": "strona",
        "model": "rentalstatus"
    }
},
{
    "model": "contenttypes.contenttype",
    "pk": 26,
    "fields": {
        "app_label": "strona",
        "model": "role"
    }
},
{
    "model": "contenttypes.contenttype",
    "pk": 27,
    "fields": {
        "app_label": "strona",
        "model": "street"
    }
},
{
    "model": "contenttypes.contenttype",
    "pk": 28,
    "fields": {
        "app_label": "strona",
        "model": "transfer"
    }
},
{
    "model": "contenttypes.contenttype",
    "pk": 29,
    "fields": {
        "app_label": "strona",
        "model": "userprofile"
    }
},
{
    "model": "contenttypes.contenttype",
    "pk": 30,
    "fields": {
        "app_label": "strona",
        "model": "contactmessage"
    }
},
{
    "model": "sessions.session",
    "pk": "ee4ff22favnaneniihh3nmaiy9l9wjum",
    "fields": {
        "session_data": ".eJxVjEEOwiAQRe_C2hBbGJi6dN8zNMMMSNVAUtqV8e7apAvd_vfef6mJtjVPW4vLNIu6KFCn3y0QP2LZgdyp3KrmWtZlDnpX9EGbHqvE5_Vw_w4ytfytWTx6FhudYThDjzxA9N4jooNo0RkjnekFBjRJukQJEkAIZF0ICVi9P9cjN_4:1w5RhN:o1mfHLIUXeYIhaSb5YHSTE5Q1B_QfS-8CFZOorsmwMM",
        "expire_date": "2026-04-08T17:07:17.444Z"
    }
},
{
    "model": "sessions.session",
    "pk": "w0x9h9bjewwrsedtxcv70q28xztd7fuf",
    "fields": {
        "session_data": ".eJxVjEEOwiAQRe_C2hCgQDsu3XsGMjOAVA0kpV0Z765NutDtf-_9lwi4rSVsPS1hjuIsrDj9boT8SHUH8Y711iS3ui4zyV2RB-3y2mJ6Xg7376BgL9968uCzI0IC7XI2BhiJrTWOlInEetLoWBFT8m5gAALrs8ojA-LAo3h_AAAROME:1w3uII:rwsT5-4i_c6E8ItEcu4bS57Uh5uXw93Oyb4jyTmoD3Q",
        "expire_date": "2026-04-04T11:15:02.761Z"
    }
},
{
    "model": "strona.brand",
    "pk": 1,
    "fields": {
        "name": "Toyota"
    }
},
{
    "model": "strona.brand",
    "pk": 2,
    "fields": {
        "name": "BMW"
    }
},
{
    "model": "strona.brand",
    "pk": 3,
    "fields": {
        "name": "Audi"
    }
},
{
    "model": "strona.brand",
    "pk": 4,
    "fields": {
        "name": "Mercedes-Benz"
    }
},
{
    "model": "strona.carcategory",
    "pk": 1,
    "fields": {
        "name": "Mini (A)"
    }
},
{
    "model": "strona.carcategory",
    "pk": 2,
    "fields": {
        "name": "Ekonomiczne (B)"
    }
},
{
    "model": "strona.carcategory",
    "pk": 3,
    "fields": {
        "name": "Kompaktowe (C)"
    }
},
{
    "model": "strona.carcategory",
    "pk": 4,
    "fields": {
        "name": "Premium (E)"
    }
},
{
    "model": "strona.carcategory",
    "pk": 5,
    "fields": {
        "name": "Dostawcze"
    }
},
{
    "model": "strona.carcategory",
    "pk": 6,
    "fields": {
        "name": "SUV"
    }
},
{
    "model": "strona.carcategory",
    "pk": 7,
    "fields": {
        "name": "Sportowe"
    }
},
{
    "model": "strona.fueltype",
    "pk": 1,
    "fields": {
        "name": "Benzyna"
    }
},
{
    "model": "strona.fueltype",
    "pk": 2,
    "fields": {
        "name": "Diesel"
    }
},
{
    "model": "strona.fueltype",
    "pk": 3,
    "fields": {
        "name": "Benzyna + Gaz"
    }
},
{
    "model": "strona.fueltype",
    "pk": 4,
    "fields": {
        "name": "Elektryczny"
    }
},
{
    "model": "strona.fueltype",
    "pk": 5,
    "fields": {
        "name": "Hybryda"
    }
},
{
    "model": "strona.city",
    "pk": 1,
    "fields": {
        "name": "Białystok",
        "zip_code": "15-001"
    }
},
{
    "model": "strona.city",
    "pk": 2,
    "fields": {
        "name": "Mońki",
        "zip_code": "19-100"
    }
},
{
    "model": "strona.city",
    "pk": 3,
    "fields": {
        "name": "Warszawa",
        "zip_code": "00-001"
    }
},
{
    "model": "strona.role",
    "pk": 1,
    "fields": {
        "name": "Administrator"
    }
},
{
    "model": "strona.role",
    "pk": 2,
    "fields": {
        "name": "Mechanik"
    }
},
{
    "model": "strona.role",
    "pk": 3,
    "fields": {
        "name": "Manager Floty"
    }
},
{
    "model": "strona.role",
    "pk": 4,
    "fields": {
        "name": "Konsultant Biura Obsługi"
    }
},
{
    "model": "strona.role",
    "pk": 5,
    "fields": {
        "name": "Kierowca"
    }
},
{
    "model": "strona.inspectionitem",
    "pk": 1,
    "fields": {
        "name": "Poziom oleju"
    }
},
{
    "model": "strona.inspectionitem",
    "pk": 2,
    "fields": {
        "name": "Ciśnienie w oponach"
    }
},
{
    "model": "strona.inspectionitem",
    "pk": 3,
    "fields": {
        "name": "Stan klocków hamulcowych"
    }
},
{
    "model": "strona.inspectionitem",
    "pk": 4,
    "fields": {
        "name": "Oświetlenie"
    }
},
{
    "model": "strona.inspectionitem",
    "pk": 5,
    "fields": {
        "name": "Czystotość wnętrza"
    }
},
{
    "model": "strona.inspectionitem",
    "pk": 6,
    "fields": {
        "name": "Zarysowania karoserii"
    }
},
{
    "model": "strona.addontype",
    "pk": 1,
    "fields": {
        "name": "Ubezpieczenie"
    }
},
{
    "model": "strona.addontype",
    "pk": 2,
    "fields": {
        "name": "Akcesoria"
    }
},
{
    "model": "strona.carmodel",
    "pk": 1,
    "fields": {
        "brand": 1,
        "name": "Corolla"
    }
},
{
    "model": "strona.carmodel",
    "pk": 2,
    "fields": {
        "brand": 3,
        "name": "A6"
    }
},
{
    "model": "strona.carmodel",
    "pk": 3,
    "fields": {
        "brand": 2,
        "name": "M3"
    }
},
{
    "model": "strona.carmodel",
    "pk": 4,
    "fields": {
        "brand": 1,
        "name": "RAV4"
    }
},
{
    "model": "strona.street",
    "pk": 1,
    "fields": {
        "city": 1,
        "name": "Lipowa"
    }
},
{
    "model": "strona.street",
    "pk": 2,
    "fields": {
        "city": 2,
        "name": "Białostocka"
    }
},
{
    "model": "strona.street",
    "pk": 3,
    "fields": {
        "city": 3,
        "name": "Żwirki i Wigury"
    }
},
{
    "model": "strona.branch",
    "pk": 1,
    "fields": {
        "street": 1,
        "building_number": "22",
        "phone_number": "853133133"
    }
},
{
    "model": "strona.branch",
    "pk": 2,
    "fields": {
        "street": 2,
        "building_number": "51",
        "phone_number": "859909911"
    }
},
{
    "model": "strona.branch",
    "pk": 3,
    "fields": {
        "street": 3,
        "building_number": "15",
        "phone_number": "853119992"
    }
},
{
    "model": "strona.car",
    "pk": 1,
    "fields": {
        "model": 3,
        "category": 4,
        "fuel_type": 1,
        "current_branch": 1,
        "horsepower": 510,
        "price_per_day": "599.00",
        "is_available": true,
        "image": "",
        "year": 2024,
        "color": "czarny"
    }
},
{
    "model": "strona.userprofile",
    "pk": 1,
    "fields": {
        "user": 1,
        "license_number": null,
        "phone_number": "321321322",
        "birth_date": "2003-10-15"
    }
},
{
    "model": "strona.userprofile",
    "pk": 2,
    "fields": {
        "user": 2,
        "license_number": null,
        "phone_number": "123456789",
        "birth_date": "1999-06-18"
    }
},
{
    "model": "strona.userprofile",
    "pk": 3,
    "fields": {
        "user": 3,
        "license_number": null,
        "phone_number": "123456787",
        "birth_date": "1999-06-18"
    }
},
{
    "model": "strona.userprofile",
    "pk": 4,
    "fields": {
        "user": 4,
        "license_number": null,
        "phone_number": "123466141",
        "birth_date": "2004-06-27"
    }
},
{
    "model": "strona.addon",
    "pk": 1,
    "fields": {
        "type": 2,
        "name": "Fotelik dzieciŕcy",
        "daily_price": "50.00"
    }
},
{
    "model": "strona.addon",
    "pk": 2,
    "fields": {
        "type": 2,
        "name": "Baga┐nik na dach",
        "daily_price": "100.00"
    }
},
{
    "model": "strona.contactmessage",
    "pk": 1,
    "fields": {
        "name": "Jakub Szkklarz",
        "email": "kubaszklarz2003@o2.pl",
        "body": "pomocy",
        "created_at": "2026-03-21T17:34:49.905Z"
    }
},
{
    "model": "strona.contactmessage",
    "pk": 2,
    "fields": {
        "name": "Jakub",
        "email": "kubaszklarz2003@o2.pl",
        "body": "pomocy",
        "created_at": "2026-03-21T17:35:54.728Z"
    }
},
{
    "model": "strona.contactmessage",
    "pk": 3,
    "fields": {
        "name": "Jakub",
        "email": "123@o2.pl",
        "body": "pomocy szybko",
        "created_at": "2026-03-21T17:45:37.899Z"
    }
},
{
    "model": "strona.contactmessage",
    "pk": 4,
    "fields": {
        "name": "sadsad",
        "email": "kubaszklarz2003@o2.pl",
        "body": "sdaodsaosadsad",
        "created_at": "2026-03-21T17:53:55.481Z"
    }
},
{
    "model": "strona.contactmessage",
    "pk": 5,
    "fields": {
        "name": "Jakub Szklarz",
        "email": "dasdasadssad@o2.pl",
        "body": "tak tak",
        "created_at": "2026-03-21T20:37:20.120Z"
    }
},
{
    "model": "strona.contactmessage",
    "pk": 6,
    "fields": {
        "name": "sdadsa",
        "email": "123@o2.pl",
        "body": "sadasdasd fsadsasad",
        "created_at": "2026-03-21T20:39:01.457Z"
    }
},
{
    "model": "strona.contactmessage",
    "pk": 7,
    "fields": {
        "name": "asddas",
        "email": "333@o2.pl",
        "body": "asdsds",
        "created_at": "2026-03-21T20:42:25.550Z"
    }
},
{
    "model": "strona.contactmessage",
    "pk": 8,
    "fields": {
        "name": "dsaadsasd",
        "email": "dassadsa123@o2.pl",
        "body": "asdasds",
        "created_at": "2026-03-21T20:43:53.783Z"
    }
},
{
    "model": "strona.contactmessage",
    "pk": 9,
    "fields": {
        "name": "dsadsa",
        "email": "saa3@o2.pl",
        "body": "sdaasdsa",
        "created_at": "2026-03-21T20:45:08.241Z"
    }
},
{
    "model": "strona.contactmessage",
    "pk": 10,
    "fields": {
        "name": "asddasasd",
        "email": "dasasdsad@o2.pl",
        "body": "23@o2.pl",
        "created_at": "2026-03-21T20:46:03.407Z"
    }
},
{
    "model": "strona.contactmessage",
    "pk": 11,
    "fields": {
        "name": "saddsa",
        "email": "sdaasd1@o2.pl",
        "body": "saddsaasd",
        "created_at": "2026-03-21T20:47:22.264Z"
    }
},
{
    "model": "strona.contactmessage",
    "pk": 12,
    "fields": {
        "name": "sadssa",
        "email": "123@o2.pl",
        "body": "pomocy patryk",
        "created_at": "2026-03-21T21:07:08.838Z"
    }
},
{
    "model": "strona.contactmessage",
    "pk": 13,
    "fields": {
        "name": "dasdsa",
        "email": "321@o2.pl",
        "body": "dsasdasadsdasda pomocy patryk",
        "created_at": "2026-03-21T21:13:52.858Z"
    }
},
{
    "model": "strona.contactmessage",
    "pk": 14,
    "fields": {
        "name": "saasadsdasda",
        "email": "kubaszklarz2003@o2.pl",
        "body": "patryk tutaj",
        "created_at": "2026-03-21T21:15:26.597Z"
    }
},
{
    "model": "strona.contactmessage",
    "pk": 15,
    "fields": {
        "name": "sadsdsad",
        "email": "kubaszklarz2003@o2.pl",
        "body": "pomocy",
        "created_at": "2026-03-21T21:15:55.668Z"
    }
},
{
    "model": "strona.contactmessage",
    "pk": 16,
    "fields": {
        "name": "asdadsas",
        "email": "123@o2.pl",
        "body": "patryk widzisz mnie",
        "created_at": "2026-03-21T21:20:54.423Z"
    }
}
]
