[
{
  "model": "strona.brand",
  "pk": 1,
  "fields": {
    "name": "Toyota"
  }
},
{
  "model": "strona.brand",
  "pk": 2,
  "fields": {
    "name": "BMW"
  }
},
{
  "model": "strona.brand",
  "pk": 3,
  "fields": {
    "name": "Audi"
  }
},
{
  "model": "strona.brand",
  "pk": 4,
  "fields": {
    "name": "Mercedes-Benz"
  }
},
{
  "model": "strona.brand",
  "pk": 5,
  "fields": {
    "name": "Porsche"
  }
},
{
  "model": "strona.carcategory",
  "pk": 1,
  "fields": {
    "name": "Mini (A)"
  }
},
{
  "model": "strona.carcategory",
  "pk": 2,
  "fields": {
    "name": "Ekonomiczne (B)"
  }
},
{
  "model": "strona.carcategory",
  "pk": 3,
  "fields": {
    "name": "Kompaktowe (C)"
  }
},
{
  "model": "strona.carcategory",
  "pk": 4,
  "fields": {
    "name": "Premium (E)"
  }
},
{
  "model": "strona.carcategory",
  "pk": 5,
  "fields": {
    "name": "Dostawcze"
  }
},
{
  "model": "strona.carcategory",
  "pk": 6,
  "fields": {
    "name": "SUV"
  }
},
{
  "model": "strona.carcategory",
  "pk": 7,
  "fields": {
    "name": "Sportowe"
  }
},
{
  "model": "strona.fueltype",
  "pk": 1,
  "fields": {
    "name": "Benzyna"
  }
},
{
  "model": "strona.fueltype",
  "pk": 2,
  "fields": {
    "name": "Diesel"
  }
},
{
  "model": "strona.fueltype",
  "pk": 3,
  "fields": {
    "name": "Benzyna + Gaz"
  }
},
{
  "model": "strona.fueltype",
  "pk": 4,
  "fields": {
    "name": "Elektryczny"
  }
},
{
  "model": "strona.fueltype",
  "pk": 5,
  "fields": {
    "name": "Hybryda"
  }
},
{
  "model": "strona.rentalstatus",
  "pk": 1,
  "fields": {
    "name": "Oczekuj─ůca"
  }
},
{
  "model": "strona.rentalstatus",
  "pk": 2,
  "fields": {
    "name": "Potwierdzona"
  }
},
{
  "model": "strona.rentalstatus",
  "pk": 3,
  "fields": {
    "name": "W trakcie"
  }
},
{
  "model": "strona.rentalstatus",
  "pk": 4,
  "fields": {
    "name": "Zwr├│cona"
  }
},
{
  "model": "strona.rentalstatus",
  "pk": 5,
  "fields": {
    "name": "Anulowana"
  }
},
{
  "model": "strona.paymentmethod",
  "pk": 1,
  "fields": {
    "name": "Blik"
  }
},
{
  "model": "strona.paymentmethod",
  "pk": 2,
  "fields": {
    "name": "Karta"
  }
},
{
  "model": "strona.paymentmethod",
  "pk": 3,
  "fields": {
    "name": "Przelew"
  }
},
{
  "model": "strona.city",
  "pk": 1,
  "fields": {
    "name": "Bia┼éystok",
    "zip_code": "15-001"
  }
},
{
  "model": "strona.city",
  "pk": 2,
  "fields": {
    "name": "Mo┼äki",
    "zip_code": "19-100"
  }
},
{
  "model": "strona.city",
  "pk": 3,
  "fields": {
    "name": "Warszawa",
    "zip_code": "00-001"
  }
},
{
  "model": "strona.role",
  "pk": 1,
  "fields": {
    "name": "Administrator"
  }
},
{
  "model": "strona.role",
  "pk": 2,
  "fields": {
    "name": "Mechanik"
  }
},
{
  "model": "strona.role",
  "pk": 3,
  "fields": {
    "name": "Manager Floty"
  }
},
{
  "model": "strona.role",
  "pk": 4,
  "fields": {
    "name": "Konsultant Biura Obs┼éugi"
  }
},
{
  "model": "strona.role",
  "pk": 5,
  "fields": {
    "name": "Kierowca"
  }
},
{
  "model": "strona.inspectionitem",
  "pk": 1,
  "fields": {
    "name": "Poziom oleju"
  }
},
{
  "model": "strona.inspectionitem",
  "pk": 2,
  "fields": {
    "name": "Ci┼Ťnienie w oponach"
  }
},
{
  "model": "strona.inspectionitem",
  "pk": 3,
  "fields": {
    "name": "Stan klock├│w hamulcowych"
  }
},
{
  "model": "strona.inspectionitem",
  "pk": 4,
  "fields": {
    "name": "O┼Ťwietlenie"
  }
},
{
  "model": "strona.inspectionitem",
  "pk": 5,
  "fields": {
    "name": "Czystoto┼Ť─ç wn─Ötrza"
  }
},
{
  "model": "strona.inspectionitem",
  "pk": 6,
  "fields": {
    "name": "Zarysowania karoserii"
  }
},
{
  "model": "strona.addontype",
  "pk": 1,
  "fields": {
    "name": "Ubezpieczenie"
  }
},
{
  "model": "strona.addontype",
  "pk": 2,
  "fields": {
    "name": "Akcesoria"
  }
},
{
  "model": "strona.carmodel",
  "pk": 1,
  "fields": {
    "brand": 1,
    "name": "Corolla"
  }
},
{
  "model": "strona.carmodel",
  "pk": 2,
  "fields": {
    "brand": 3,
    "name": "A6"
  }
},
{
  "model": "strona.carmodel",
  "pk": 3,
  "fields": {
    "brand": 2,
    "name": "M3"
  }
},
{
  "model": "strona.carmodel",
  "pk": 4,
  "fields": {
    "brand": 1,
    "name": "RAV4"
  }
},
{
  "model": "strona.carmodel",
  "pk": 5,
  "fields": {
    "brand": 5,
    "name": "911 Turbo S"
  }
},
{
  "model": "strona.street",
  "pk": 1,
  "fields": {
    "city": 1,
    "name": "Lipowa"
  }
},
{
  "model": "strona.street",
  "pk": 2,
  "fields": {
    "city": 2,
    "name": "Bia┼éostocka"
  }
},
{
  "model": "strona.street",
  "pk": 3,
  "fields": {
    "city": 3,
    "name": "┼╗wirki i Wigury"
  }
},
{
  "model": "strona.branch",
  "pk": 1,
  "fields": {
    "street": 1,
    "building_number": "22",
    "phone_number": "853133133"
  }
},
{
  "model": "strona.branch",
  "pk": 2,
  "fields": {
    "street": 2,
    "building_number": "51",
    "phone_number": "859909911"
  }
},
{
  "model": "strona.branch",
  "pk": 3,
  "fields": {
    "street": 3,
    "building_number": "15",
    "phone_number": "853119992"
  }
},
{
  "model": "strona.car",
  "pk": 1,
  "fields": {
    "model": 3,
    "category": 4,
    "fuel_type": 1,
    "current_branch": 1,
    "horsepower": 510,
    "year": 2024,
    "color": "Czarny",
    "price_per_day": "599.00",
    "is_available": true,
    "image": "cars/bmw_m3.png"
  }
},
{
  "model": "strona.car",
  "pk": 2,
  "fields": {
    "model": 5,
    "category": 4,
    "fuel_type": 1,
    "current_branch": 1,
    "horsepower": 650,
    "year": 2025,
    "color": "Czerwony",
    "price_per_day": "749.00",
    "is_available": true,
    "image": "cars/porsche_911.png"
  }
},
{
  "model": "strona.addon",
  "pk": 1,
  "fields": {
    "type": 2,
    "name": "Fotelik dzieci─Öcy",
    "daily_price": "30.00"
  }
},
{
  "model": "strona.addon",
  "pk": 2,
  "fields": {
    "type": 2,
    "name": "Baga┼╝nik na dach",
    "daily_price": "50.00"
  }
},
{
  "model": "strona.addon",
  "pk": 3,
  "fields": {
    "type": 2,
    "name": "Pakiet Zima(odmra┼╝acz + skrobaczka)",
    "daily_price": "20.00"
  }
},
{
  "model": "strona.addon",
  "pk": 4,
  "fields": {
    "type": 1,
    "name": "Pe┼éne ubezpieczenie (SCDW)",
    "daily_price": "80.00"
  }
},
{
  "model": "strona.contactmessage",
  "pk": 1,
  "fields": {
    "name": "Jakub Szkklarz",
    "email": "kubaszklarz2003@o2.pl",
    "body": "pomocy",
    "created_at": "2026-03-21T17:34:49.905Z"
  }
},
{
  "model": "strona.contactmessage",
  "pk": 2,
  "fields": {
    "name": "Jakub",
    "email": "kubaszklarz2003@o2.pl",
    "body": "pomocy",
    "created_at": "2026-03-21T17:35:54.728Z"
  }
},
{
  "model": "strona.contactmessage",
  "pk": 3,
  "fields": {
    "name": "Jakub",
    "email": "123@o2.pl",
    "body": "pomocy szybko",
    "created_at": "2026-03-21T17:45:37.899Z"
  }
},
{
  "model": "strona.contactmessage",
  "pk": 4,
  "fields": {
    "name": "sadsad",
    "email": "kubaszklarz2003@o2.pl",
    "body": "sdaodsaosadsad",
    "created_at": "2026-03-21T17:53:55.481Z"
  }
},
{
  "model": "strona.contactmessage",
  "pk": 5,
  "fields": {
    "name": "Jakub Szklarz",
    "email": "dasdasadssad@o2.pl",
    "body": "tak tak",
    "created_at": "2026-03-21T20:37:20.120Z"
  }
},
{
  "model": "strona.contactmessage",
  "pk": 6,
  "fields": {
    "name": "sdadsa",
    "email": "123@o2.pl",
    "body": "sadasdasd fsadsasad",
    "created_at": "2026-03-21T20:39:01.457Z"
  }
},
{
  "model": "strona.contactmessage",
  "pk": 7,
  "fields": {
    "name": "asddas",
    "email": "333@o2.pl",
    "body": "asdsds",
    "created_at": "2026-03-21T20:42:25.550Z"
  }
},
{
  "model": "strona.contactmessage",
  "pk": 8,
  "fields": {
    "name": "dsaadsasd",
    "email": "dassadsa123@o2.pl",
    "body": "asdasds",
    "created_at": "2026-03-21T20:43:53.783Z"
  }
},
{
  "model": "strona.contactmessage",
  "pk": 9,
  "fields": {
    "name": "dsadsa",
    "email": "saa3@o2.pl",
    "body": "sdaasdsa",
    "created_at": "2026-03-21T20:45:08.241Z"
  }
},
{
  "model": "strona.contactmessage",
  "pk": 10,
  "fields": {
    "name": "asddasasd",
    "email": "dasasdsad@o2.pl",
    "body": "23@o2.pl",
    "created_at": "2026-03-21T20:46:03.407Z"
  }
},
{
  "model": "strona.contactmessage",
  "pk": 11,
  "fields": {
    "name": "saddsa",
    "email": "sdaasd1@o2.pl",
    "body": "saddsaasd",
    "created_at": "2026-03-21T20:47:22.264Z"
  }
},
{
  "model": "strona.contactmessage",
  "pk": 12,
  "fields": {
    "name": "sadssa",
    "email": "123@o2.pl",
    "body": "pomocy patryk",
    "created_at": "2026-03-21T21:07:08.838Z"
  }
},
{
  "model": "strona.contactmessage",
  "pk": 13,
  "fields": {
    "name": "dasdsa",
    "email": "321@o2.pl",
    "body": "dsasdasadsdasda pomocy patryk",
    "created_at": "2026-03-21T21:13:52.858Z"
  }
},
{
  "model": "strona.contactmessage",
  "pk": 14,
  "fields": {
    "name": "saasadsdasda",
    "email": "kubaszklarz2003@o2.pl",
    "body": "patryk tutaj",
    "created_at": "2026-03-21T21:15:26.597Z"
  }
},
{
  "model": "strona.contactmessage",
  "pk": 15,
  "fields": {
    "name": "sadsdsad",
    "email": "kubaszklarz2003@o2.pl",
    "body": "pomocy",
    "created_at": "2026-03-21T21:15:55.668Z"
  }
},
{
  "model": "strona.contactmessage",
  "pk": 16,
  "fields": {
    "name": "asdadsas",
    "email": "123@o2.pl",
    "body": "patryk widzisz mnie",
    "created_at": "2026-03-21T21:20:54.423Z"
  }
}
]
